{"doc_urls":["chapter_1.html#chapter-1"],"index":{"documentStore":{"docInfo":{"0":{"body":73,"breadcrumbs":4,"title":2}},"docs":{"0":{"body":"kʊv naj vɪx ⟨kʊv naj vɪx⟩ k ⟨k⟩ [kʰ] g ⟨g⟩ [g] t ⟨t⟩ [tʰ] d ⟨d⟩ [d] p ⟨p⟩ [pʰ] b ⟨b⟩ [b] h ⟨h⟩ [x] q ⟨q⟩ [ɣ] s ⟨s⟩ [s] z ⟨z⟩ [z] f ⟨f⟩ [f] v ⟨v⟩ [v] θ ⟨θ⟩ [θ] ð ⟨ð⟩ [ð] c ⟨c⟩ [ʃ] j ⟨j⟩ [ʒ] x ⟨x⟩ [ɾ̥ʰ] r ⟨r⟩ [ɾ] ŋ ⟨ŋ⟩ [ŋ] n ⟨n⟩ [n] m ⟨m⟩ [m] y ⟨y⟩ [j] l ⟨l⟩ [l] w ⟨w⟩ [w] ʊ ⟨ʊ⟩ [ʊ] a ⟨a⟩ [ä] e ⟨e⟩ [e] ɪ ⟨ɪ⟩ [ɪ] i ⟨i⟩ [i] u ⟨u⟩ [u] o ⟨o⟩ [o]","breadcrumbs":"Chapter 1 » Chapter 1","id":"0","title":"Chapter 1"}},"length":1,"save":true},"fields":["title","body","breadcrumbs"],"index":{"body":{"root":{"1":{"df":1,"docs":{"0":{"tf":1.0}}},"b":{"df":1,"docs":{"0":{"tf":1.7320508075688772}}},"c":{"df":1,"docs":{"0":{"tf":1.4142135623730951}},"h":{"a":{"df":0,"docs":{},"p":{"df":0,"docs":{},"t":{"df":0,"docs":{},"e":{"df":0,"docs":{},"r":{"df":1,"docs":{"0":{"tf":1.0}}}}}}},"df":0,"docs":{}}},"d":{"df":1,"docs":{"0":{"tf":1.7320508075688772}}},"df":0,"docs":{},"e":{"df":1,"docs":{"0":{"tf":1.7320508075688772}}},"f":{"df":1,"docs":{"0":{"tf":1.7320508075688772}}},"g":{"df":1,"docs":{"0":{"tf":1.7320508075688772}}},"h":{"df":1,"docs":{"0":{"tf":1.4142135623730951}}},"j":{"df":1,"docs":{"0":{"tf":1.7320508075688772}}},"k":{"df":1,"docs":{"0":{"tf":1.7320508075688772}},"ʊ":{"df":0,"docs":{},"v":{"df":1,"docs":{"0":{"tf":1.4142135623730951}}}}},"l":{"df":1,"docs":{"0":{"tf":1.7320508075688772}}},"m":{"df":1,"docs":{"0":{"tf":1.7320508075688772}}},"n":{"a":{"df":0,"docs":{},"j":{"df":1,"docs":{"0":{"tf":1.4142135623730951}}}},"df":1,"docs":{"0":{"tf":1.7320508075688772}}},"o":{"df":1,"docs":{"0":{"tf":1.7320508075688772}}},"p":{"df":1,"docs":{"0":{"tf":1.7320508075688772}}},"q":{"df":1,"docs":{"0":{"tf":1.4142135623730951}}},"r":{"df":1,"docs":{"0":{"tf":1.4142135623730951}}},"s":{"df":1,"docs":{"0":{"tf":1.7320508075688772}}},"t":{"df":1,"docs":{"0":{"tf":1.7320508075688772}}},"u":{"df":1,"docs":{"0":{"tf":1.7320508075688772}}},"v":{"df":1,"docs":{"0":{"tf":1.7320508075688772}},"ɪ":{"df":0,"docs":{},"x":{"df":1,"docs":{"0":{"tf":1.4142135623730951}}}}},"w":{"df":1,"docs":{"0":{"tf":1.7320508075688772}}},"x":{"df":1,"docs":{"0":{"tf":1.7320508075688772}}},"y":{"df":1,"docs":{"0":{"tf":1.4142135623730951}}},"z":{"df":1,"docs":{"0":{"tf":1.7320508075688772}}}}},"breadcrumbs":{"root":{"1":{"df":1,"docs":{"0":{"tf":1.7320508075688772}}},"b":{"df":1,"docs":{"0":{"tf":1.7320508075688772}}},"c":{"df":1,"docs":{"0":{"tf":1.4142135623730951}},"h":{"a":{"df":0,"docs":{},"p":{"df":0,"docs":{},"t":{"df":0,"docs":{},"e":{"df":0,"docs":{},"r":{"df":1,"docs":{"0":{"tf":1.7320508075688772}}}}}}},"df":0,"docs":{}}},"d":{"df":1,"docs":{"0":{"tf":1.7320508075688772}}},"df":0,"docs":{},"e":{"df":1,"docs":{"0":{"tf":1.7320508075688772}}},"f":{"df":1,"docs":{"0":{"tf":1.7320508075688772}}},"g":{"df":1,"docs":{"0":{"tf":1.7320508075688772}}},"h":{"df":1,"docs":{"0":{"tf":1.4142135623730951}}},"j":{"df":1,"docs":{"0":{"tf":1.7320508075688772}}},"k":{"df":1,"docs":{"0":{"tf":1.7320508075688772}},"ʊ":{"df":0,"docs":{},"v":{"df":1,"docs":{"0":{"tf":1.4142135623730951}}}}},"l":{"df":1,"docs":{"0":{"tf":1.7320508075688772}}},"m":{"df":1,"docs":{"0":{"tf":1.7320508075688772}}},"n":{"a":{"df":0,"docs":{},"j":{"df":1,"docs":{"0":{"tf":1.4142135623730951}}}},"df":1,"docs":{"0":{"tf":1.7320508075688772}}},"o":{"df":1,"docs":{"0":{"tf":1.7320508075688772}}},"p":{"df":1,"docs":{"0":{"tf":1.7320508075688772}}},"q":{"df":1,"docs":{"0":{"tf":1.4142135623730951}}},"r":{"df":1,"docs":{"0":{"tf":1.4142135623730951}}},"s":{"df":1,"docs":{"0":{"tf":1.7320508075688772}}},"t":{"df":1,"docs":{"0":{"tf":1.7320508075688772}}},"u":{"df":1,"docs":{"0":{"tf":1.7320508075688772}}},"v":{"df":1,"docs":{"0":{"tf":1.7320508075688772}},"ɪ":{"df":0,"docs":{},"x":{"df":1,"docs":{"0":{"tf":1.4142135623730951}}}}},"w":{"df":1,"docs":{"0":{"tf":1.7320508075688772}}},"x":{"df":1,"docs":{"0":{"tf":1.7320508075688772}}},"y":{"df":1,"docs":{"0":{"tf":1.4142135623730951}}},"z":{"df":1,"docs":{"0":{"tf":1.7320508075688772}}}}},"title":{"root":{"1":{"df":1,"docs":{"0":{"tf":1.0}}},"c":{"df":0,"docs":{},"h":{"a":{"df":0,"docs":{},"p":{"df":0,"docs":{},"t":{"df":0,"docs":{},"e":{"df":0,"docs":{},"r":{"df":1,"docs":{"0":{"tf":1.0}}}}}}},"df":0,"docs":{}}},"df":0,"docs":{}}}},"lang":"English","pipeline":["trimmer","stopWordFilter","stemmer"],"ref":"id","version":"0.9.5"},"results_options":{"limit_results":30,"teaser_word_count":30},"search_options":{"bool":"OR","expand":true,"fields":{"body":{"boost":1},"breadcrumbs":{"boost":1},"title":{"boost":2}}}}